tx1_mode,tx2_mode,v_rx_volts
0,0,0.0360695953677363
0,1,0.0360695953677363
0,2,0.0360695953677363
1,0,0.0360695953677363
1,1,0.0360695953677363
1,2,0.0360695953677363
2,0,0.0360695953677363
2,1,0.0360695953677363
2,2,0.0360695953677363
